#,Emri Biznesit,Adresa Pershkrim,Google Maps Search Link,Google Maps Link Final,Status
1,Z4 Bar Vjosa,"RR Bardhok Biba, tek Galeria, lokali 3, Tiranë",https://www.google.com/maps/search/Z4%20Bar%20Vjosa%20RR%20Bardhok%20Biba%2C%20tek%20Galeria%2C%20lokali%203%2C%20Tiran%C3%AB,,
2,Z4 Europa Caffe,"Rruga Luigj Gurakuqi, pallati me tulla te kulturës, Tiranë",https://www.google.com/maps/search/Z4%20Europa%20Caffe%20Rruga%20Luigj%20Gurakuqi%2C%20pallati%20me%20tulla%20te%20kultur%C3%ABs%2C%20Tiran%C3%AB,,
3,Z4 Bar Shard,"Rr Tod Shkurti, kompleksi Turbolli, 200m nga fusha e parlamentit, Tiranë",https://www.google.com/maps/search/Z4%20Bar%20Shard%20Rr%20Tod%20Shkurti%2C%20kompleksi%20Turbolli%2C%20200m%20nga%20fusha%20e%20parlamentit%2C%20Tiran%C3%AB,,
4,Z4 Monarc Group Shpk,"Rr George W Bush, përballë sheshi Panorama, Rr Zogut i Parë, Tiranë",https://www.google.com/maps/search/Z4%20Monarc%20Group%20Shpk%20Rr%20George%20W%20Bush%2C%20p%C3%ABrball%C3%AB%20sheshi%20Panorama%2C%20Rr%20Zogut%20i%20Par%C3%AB%2C%20Tiran%C3%AB,,
5,Z4 Bar Brix,"Rr Besim Fagu, Rruga Bardhyj përballë, mulli te Yeter, Tiranë",https://www.google.com/maps/search/Z4%20Bar%20Brix%20Rr%20Besim%20Fagu%2C%20Rruga%20Bardhyj%20p%C3%ABrball%C3%AB%2C%20mulli%20te%20Yeter%2C%20Tiran%C3%AB,,
6,Z4 Fast Food Bistro,"Rruga Luarasi, Kompleksi Mangalem 21, Voljushit, Tiranë",https://www.google.com/maps/search/Z4%20Fast%20Food%20Bistro%20Rruga%20Luarasi%2C%20Kompleksi%20Mangalem%2021%2C%20Voljushit%2C%20Tiran%C3%AB,,
7,Z4 Tata Bar,"Rruga Kongres-i, manastirit, përballë farmaci, Tiranë",https://www.google.com/maps/search/Z4%20Tata%20Bar%20Rruga%20Kongres-i%2C%20manastirit%2C%20p%C3%ABrball%C3%AB%20farmaci%2C%20Tiran%C3%AB,,
8,Z4 Furre Buke Mareldo,"pranë Luli Funeral, manastirit, ngjitur me shkollën, brenda kompleksit, Tiranë",https://www.google.com/maps/search/Z4%20Furre%20Buke%20Mareldo%20pran%C3%AB%20Luli%20Funeral%2C%20manastirit%2C%20ngjitur%20me%20shkoll%C3%ABn%2C%20brenda%20kompleksit%2C%20Tiran%C3%AB,,
9,Z4 Poem De Rose,"Rruga Nikolla Zoraqi, ish Proframa pallate, Tiranë",https://www.google.com/maps/search/Z4%20Poem%20De%20Rose%20Rruga%20Nikolla%20Zoraqi%2C%20ish%20Proframa%20pallate%2C%20Tiran%C3%AB,,
10,Z4 Bar Erdion,"Rr Aleksandër Moisiu, tek kompleksi, brenda Kamares, Tiranë",https://www.google.com/maps/search/Z4%20Bar%20Erdion%20Rr%20Aleksand%C3%ABr%20Moisiu%2C%20tek%20kompleksi%2C%20brenda%20Kamares%2C%20Tiran%C3%AB,,
11,Z4 Catte 23,"Rruga Qemal Stafa, përballë qendrës Abraham Lincoln, Tiranë",https://www.google.com/maps/search/Z4%20Catte%2023%20Rruga%20Qemal%20Stafa%2C%20p%C3%ABrball%C3%AB%20qendr%C3%ABs%20Abraham%20Lincoln%2C%20Tiran%C3%AB,,
12,Z4 Dear Bar,"pallati 7-katësh, All Dem, ngjitur me Tushien, Tiranë",https://www.google.com/maps/search/Z4%20Dear%20Bar%20pallati%207-kat%C3%ABsh%2C%20All%20Dem%2C%20ngjitur%20me%20Tushien%2C%20Tiran%C3%AB,,
13,Z4 Bar Kafe (Darien),"Rruga e Barrikadave, ngjitur me Laci Mobile Servis, Tiranë",https://www.google.com/maps/search/Z4%20Bar%20Kafe%20%28Darien%29%20Rruga%20e%20Barrikadave%2C%20ngjitur%20me%20Laci%20Mobile%20Servis%2C%20Tiran%C3%AB,,
14,Z4 Pasticeri Tho,"Rruga e Dibrës, sheshi Shiraxu, helikopterëve në Farkë, Tiranë",https://www.google.com/maps/search/Z4%20Pasticeri%20Tho%20Rruga%20e%20Dibr%C3%ABs%2C%20sheshi%20Shiraxu%2C%20helikopter%C3%ABve%20n%C3%AB%20Fark%C3%AB%2C%20Tiran%C3%AB,,
15,Z4 Teleperformance Grender,"Rr Johan Fon Han, bulevardi, Kompleksi Mihal Grameno, Tiranë",https://www.google.com/maps/search/Z4%20Teleperformance%20Grender%20Rr%20Johan%20Fon%20Han%2C%20bulevardi%2C%20Kompleksi%20Mihal%20Grameno%2C%20Tiran%C3%AB,,
16,Z4 Nova Bar,"Rr Petro Nini Luarasi, përballë urës, Tiranë",https://www.google.com/maps/search/Z4%20Nova%20Bar%20Rr%20Petro%20Nini%20Luarasi%2C%20p%C3%ABrball%C3%AB%20ur%C3%ABs%2C%20Tiran%C3%AB,,
17,Z4 Bar Aroma,"Rruga Xhantize Keko, pranë Luk, ngjitur me Neptun, Tiranë",https://www.google.com/maps/search/Z4%20Bar%20Aroma%20Rruga%20Xhantize%20Keko%2C%20pran%C3%AB%20Luk%2C%20ngjitur%20me%20Neptun%2C%20Tiran%C3%AB,,
18,Z4 Bar Unique,"Rr 5 Maji, brenda ADJ, Luarasi, Concord Center, Tiranë",https://www.google.com/maps/search/Z4%20Bar%20Unique%20Rr%205%20Maji%2C%20brenda%20ADJ%2C%20Luarasi%2C%20Concord%20Center%2C%20Tiran%C3%AB,,
19,Z4 Bar Kafe Oni,"Rr Muhamet Deli, sapo kalon Spart, Tiranë",https://www.google.com/maps/search/Z4%20Bar%20Kafe%20Oni%20Rr%20Muhamet%20Deli%2C%20sapo%20kalon%20Spart%2C%20Tiran%C3%AB,,
20,Z4 La Coin Bar Lounge,"Rr Petro Nini Luarasi, Rr Idriz Dollaku, pallatet Eraib, Tiranë",https://www.google.com/maps/search/Z4%20La%20Coin%20Bar%20Lounge%20Rr%20Petro%20Nini%20Luarasi%2C%20Rr%20Idriz%20Dollaku%2C%20pallatet%20Eraib%2C%20Tiran%C3%AB,,
21,Z4 Bar Kol 3,"Rr Petro Nini Luarasi, 100 m mbi Rea Market, Tiranë",https://www.google.com/maps/search/Z4%20Bar%20Kol%203%20Rr%20Petro%20Nini%20Luarasi%2C%20100%20m%20mbi%20Rea%20Market%2C%20Tiran%C3%AB,,
22,Z4 Bar Firenze,"Rruga e Barrikadave, te Galeria, kati i parë, Tiranë",https://www.google.com/maps/search/Z4%20Bar%20Firenze%20Rruga%20e%20Barrikadave%2C%20te%20Galeria%2C%20kati%20i%20par%C3%AB%2C%20Tiran%C3%AB,,
23,Z4 Bar Luis,"Rr Shallqet Kuka, 50 m nga Rr Qemal Stafa, ngjitur me Big Market, Tiranë",https://www.google.com/maps/search/Z4%20Bar%20Luis%20Rr%20Shallqet%20Kuka%2C%2050%20m%20nga%20Rr%20Qemal%20Stafa%2C%20ngjitur%20me%20Big%20Market%2C%20Tiran%C3%AB,,
24,Z4 Bukinure Leka,"Rruga e Saraceve, pallati Mosiu, te restorant Fish Town, Tiranë",https://www.google.com/maps/search/Z4%20Bukinure%20Leka%20Rruga%20e%20Saraceve%2C%20pallati%20Mosiu%2C%20te%20restorant%20Fish%20Town%2C%20Tiran%C3%AB,,
25,Z4 Bar Princes,"Rruga e Saraceve, Unicon Caffé përballë, Tiranë",https://www.google.com/maps/search/Z4%20Bar%20Princes%20Rruga%20e%20Saraceve%2C%20Unicon%20Caff%C3%A9%20p%C3%ABrball%C3%AB%2C%20Tiran%C3%AB,,
26,Z4 Ami Coffe,"Rruga e Dibrës, sapo kalon medresenë, Rr Feti Xhajko, Pallati Bauhaus, Tiranë",https://www.google.com/maps/search/Z4%20Ami%20Coffe%20Rruga%20e%20Dibr%C3%ABs%2C%20sapo%20kalon%20medresen%C3%AB%2C%20Rr%20Feti%20Xhajko%2C%20Pallati%20Bauhaus%2C%20Tiran%C3%AB,,
27,Z4 Bar Toro,"Pallati Bauhaus, kati 1, 100 m nga Rruga e Dibrës, Rr Idriz Dollaku, Tiranë",https://www.google.com/maps/search/Z4%20Bar%20Toro%20Pallati%20Bauhaus%2C%20kati%201%2C%20100%20m%20nga%20Rruga%20e%20Dibr%C3%ABs%2C%20Rr%20Idriz%20Dollaku%2C%20Tiran%C3%AB,,
28,Z4 Coffe Bar,"Rr Pjeter Budi, ngjitur me Bar 24g, pranë medresesë, Tiranë",https://www.google.com/maps/search/Z4%20Coffe%20Bar%20Rr%20Pjeter%20Budi%2C%20ngjitur%20me%20Bar%2024g%2C%20pran%C3%AB%20medreses%C3%AB%2C%20Tiran%C3%AB,,
29,Z4 Rio Lounge,"Rr Hoxha Tahsim, Rr Elezi Gjon Buzuku, te kryqëzimi, Tiranë",https://www.google.com/maps/search/Z4%20Rio%20Lounge%20Rr%20Hoxha%20Tahsim%2C%20Rr%20Elezi%20Gjon%20Buzuku%2C%20te%20kryq%C3%ABzimi%2C%20Tiran%C3%AB,,
30,Z4 Bar Verve,"Rruga e Elbasanit, Rruga e Thesarit, 100 m pranë medresesë, Tiranë",https://www.google.com/maps/search/Z4%20Bar%20Verve%20Rruga%20e%20Elbasanit%2C%20Rruga%20e%20Thesarit%2C%20100%20m%20pran%C3%AB%20medreses%C3%AB%2C%20Tiran%C3%AB,,
31,Z4 Bar Imaga,"Pallati Arens, Rr Vidani Luarasi, pranë medresesë, Tiranë",https://www.google.com/maps/search/Z4%20Bar%20Imaga%20Pallati%20Arens%2C%20Rr%20Vidani%20Luarasi%2C%20pran%C3%AB%20medreses%C3%AB%2C%20Tiran%C3%AB,,
32,Z4 Bar 2E,"Rr Skënderbeg 198, sapo kalon Kimit Bora, tek burgu i grave, Tiranë",https://www.google.com/maps/search/Z4%20Bar%202E%20Rr%20Sk%C3%ABnderbeg%20198%2C%20sapo%20kalon%20Kimit%20Bora%2C%20tek%20burgu%20i%20grave%2C%20Tiran%C3%AB,,
33,Z4 As Lounge,"Rr Barrikadave, pallati me ngjyrë, tek Khushi, Tiranë",https://www.google.com/maps/search/Z4%20As%20Lounge%20Rr%20Barrikadave%2C%20pallati%20me%20ngjyr%C3%AB%2C%20tek%20Khushi%2C%20Tiran%C3%AB,,
34,Z4 BAR RELAX,"Rruga e Dibrës, pallati me sham blu, Euro 1, pranë stacionit, Tiranë",https://www.google.com/maps/search/Z4%20BAR%20RELAX%20Rruga%20e%20Dibr%C3%ABs%2C%20pallati%20me%20sham%20blu%2C%20Euro%201%2C%20pran%C3%AB%20stacionit%2C%20Tiran%C3%AB,,
35,Z4 Bar Pitburger,"Rr Adise Paskali, kompleksi Concord Center, Rr Sela te Rizal Blyj, Tiranë",https://www.google.com/maps/search/Z4%20Bar%20Pitburger%20Rr%20Adise%20Paskali%2C%20kompleksi%20Concord%20Center%2C%20Rr%20Sela%20te%20Rizal%20Blyj%2C%20Tiran%C3%AB,,
36,Z4 Tabacco Roa,"Rruga Kongres-i, qendra Abraham Lincoln, sapo kalon Arena Market, Tiranë",https://www.google.com/maps/search/Z4%20Tabacco%20Roa%20Rruga%20Kongres-i%2C%20qendra%20Abraham%20Lincoln%2C%20sapo%20kalon%20Arena%20Market%2C%20Tiran%C3%AB,,
37,Z4 Le Van Gogh,"Bulevardi, Kompleksi Mihal Grameno, tregu i bllokave pranë Lincoln, Rr 5 Maji, Tiranë",https://www.google.com/maps/search/Z4%20Le%20Van%20Gogh%20Bulevardi%2C%20Kompleksi%20Mihal%20Grameno%2C%20tregu%20i%20bllokave%20pran%C3%AB%20Lincoln%2C%20Rr%205%20Maji%2C%20Tiran%C3%AB,,
38,Z4 Tabaco Bobi,"përballë Odes Lik te Senatori M, Rr Talo, Tiranë",https://www.google.com/maps/search/Z4%20Tabaco%20Bobi%20p%C3%ABrball%C3%AB%20Odes%20Lik%20te%20Senatori%20M%2C%20Rr%20Talo%2C%20Tiran%C3%AB,,
39,Z4 Mix Pizza 2,"manastirit, ngjitur me shkollën, Calpudi, Tiranë",https://www.google.com/maps/search/Z4%20Mix%20Pizza%202%20manastirit%2C%20ngjitur%20me%20shkoll%C3%ABn%2C%20Calpudi%2C%20Tiran%C3%AB,,
40,Z4 Hostel Franc Dushi,"Rruga e Barrikadave, Tiranë",https://www.google.com/maps/search/Z4%20Hostel%20Franc%20Dushi%20Rruga%20e%20Barrikadave%2C%20Tiran%C3%AB,,
41,Z4 Trinity,"Rruga e Barrikadave, Tiranë",https://www.google.com/maps/search/Z4%20Trinity%20Rruga%20e%20Barrikadave%2C%20Tiran%C3%AB,,
42,Z4 Bar Kafe (Marsela),"Rr Xhantize Keko, kompleks Halli, Tiranë",https://www.google.com/maps/search/Z4%20Bar%20Kafe%20%28Marsela%29%20Rr%20Xhantize%20Keko%2C%20kompleks%20Halli%2C%20Tiran%C3%AB,,
43,Z4 Bar Krol 2,"Rr Xhantize Keko, Kompleksi Mihal Grameno, Rr 5 Maji, Tiranë",https://www.google.com/maps/search/Z4%20Bar%20Krol%202%20Rr%20Xhantize%20Keko%2C%20Kompleksi%20Mihal%20Grameno%2C%20Rr%205%20Maji%2C%20Tiran%C3%AB,,
44,Bar Kafe (Olsis),"Rruga e Barrikadave, Kadra te Rrugë, Tiranë",https://www.google.com/maps/search/Bar%20Kafe%20%28Olsis%29%20Rruga%20e%20Barrikadave%2C%20Kadra%20te%20Rrug%C3%AB%2C%20Tiran%C3%AB,,
45,Z4 Magic Pizza,"Rruga Kongres-i, brenda kompleksit, Tiranë",https://www.google.com/maps/search/Z4%20Magic%20Pizza%20Rruga%20Kongres-i%2C%20brenda%20kompleksit%2C%20Tiran%C3%AB,,
46,Z4 Bar Te Biblioteka,"Bulevardi Zhan Dark, Rr Teta i Tashko, pa shkuar te Mihal Grameno, Tiranë",https://www.google.com/maps/search/Z4%20Bar%20Te%20Biblioteka%20Bulevardi%20Zhan%20Dark%2C%20Rr%20Teta%20i%20Tashko%2C%20pa%20shkuar%20te%20Mihal%20Grameno%2C%20Tiran%C3%AB,,
47,Z4 Bar Coffe b 3T,"Rr Shinas Dishnica, Rr Muhamet Deliu, sapo kalon Spart, Tiranë",https://www.google.com/maps/search/Z4%20Bar%20Coffe%20b%203T%20Rr%20Shinas%20Dishnica%2C%20Rr%20Muhamet%20Deliu%2C%20sapo%20kalon%20Spart%2C%20Tiran%C3%AB,,
48,Z4 Kiepe de Paris,"Bulevardi Zhan Dark, ngjitur me fruta-perime ZG, Tiranë",https://www.google.com/maps/search/Z4%20Kiepe%20de%20Paris%20Bulevardi%20Zhan%20Dark%2C%20ngjitur%20me%20fruta-perime%20ZG%2C%20Tiran%C3%AB,,
49,Z4 Noel Fish,"Rr 5 Maj, pranë The Pearl, shkolla Iam Noi, Tiranë",https://www.google.com/maps/search/Z4%20Noel%20Fish%20Rr%205%20Maj%2C%20pran%C3%AB%20The%20Pearl%2C%20shkolla%20Iam%20Noi%2C%20Tiran%C3%AB,,
50,Z4 Bar Krist,"Rr Teqe Tashko, ngjitur me Star, Rr 5 Maj, Tiranë",https://www.google.com/maps/search/Z4%20Bar%20Krist%20Rr%20Teqe%20Tashko%2C%20ngjitur%20me%20Star%2C%20Rr%205%20Maj%2C%20Tiran%C3%AB,,
51,Z4 Bar Kofi 2,"Rr Teqe Tashko, ngjitur me Stur, Tiranë",https://www.google.com/maps/search/Z4%20Bar%20Kofi%202%20Rr%20Teqe%20Tashko%2C%20ngjitur%20me%20Stur%2C%20Tiran%C3%AB,,
52,Z4 Bar Bist,"Rruga Besim Fagu, ngjitur me Nam Nam, Tiranë",https://www.google.com/maps/search/Z4%20Bar%20Bist%20Rruga%20Besim%20Fagu%2C%20ngjitur%20me%20Nam%20Nam%2C%20Tiran%C3%AB,,
53,Z4 Bar Kaffe (Edion),"Rr Pjeter Budi, ngjitur me Bar 24g, pranë medresesë, sapo kalon Kimit Bora, Tiranë",https://www.google.com/maps/search/Z4%20Bar%20Kaffe%20%28Edion%29%20Rr%20Pjeter%20Budi%2C%20ngjitur%20me%20Bar%2024g%2C%20pran%C3%AB%20medreses%C3%AB%2C%20sapo%20kalon%20Kimit%20Bora%2C%20Tiran%C3%AB,,
54,Z4 Via Koni,"Rruga e Thesarit, vila Kion në fund, pranë Kimit Bora, Tiranë",https://www.google.com/maps/search/Z4%20Via%20Koni%20Rruga%20e%20Thesarit%2C%20vila%20Kion%20n%C3%AB%20fund%2C%20pran%C3%AB%20Kimit%20Bora%2C%20Tiran%C3%AB,,
55,Z4 Bazec Bar,"Pallati Arens, Rruga Vidani Luarasi, Tiranë",https://www.google.com/maps/search/Z4%20Bazec%20Bar%20Pallati%20Arens%2C%20Rruga%20Vidani%20Luarasi%2C%20Tiran%C3%AB,,
56,Z4 Oxygen Boutique,"Rruga Bardhyj, mulli te Yeter, Rr Besim Fagu, Tiranë",https://www.google.com/maps/search/Z4%20Oxygen%20Boutique%20Rruga%20Bardhyj%2C%20mulli%20te%20Yeter%2C%20Rr%20Besim%20Fagu%2C%20Tiran%C3%AB,,
57,Z4 Tabacco Hermes,"Rruga Bardhyj, mulli te Yeter, varri i Bamit, ngjitur me Infinit, Tiranë",https://www.google.com/maps/search/Z4%20Tabacco%20Hermes%20Rruga%20Bardhyj%2C%20mulli%20te%20Yeter%2C%20varri%20i%20Bamit%2C%20ngjitur%20me%20Infinit%2C%20Tiran%C3%AB,,
58,Z4 Sport Bar,"Rruga e Saraceve, përballë Sper Sehiu, Tiranë",https://www.google.com/maps/search/Z4%20Sport%20Bar%20Rruga%20e%20Saraceve%2C%20p%C3%ABrball%C3%AB%20Sper%20Sehiu%2C%20Tiran%C3%AB,,
59,Z4 Market Lili,"Rruga e Saraceve, kryqëzim mbas, Rr Xhantize, Tiranë",https://www.google.com/maps/search/Z4%20Market%20Lili%20Rruga%20e%20Saraceve%2C%20kryq%C3%ABzim%20mbas%2C%20Rr%20Xhantize%2C%20Tiran%C3%AB,,
60,Z4 Pasticeri Lika Armand,"Rruga e Saraceve dhe Sim Koda, kryqëzimi Mangalem, Tiranë",https://www.google.com/maps/search/Z4%20Pasticeri%20Lika%20Armand%20Rruga%20e%20Saraceve%20dhe%20Sim%20Koda%2C%20kryq%C3%ABzimi%20Mangalem%2C%20Tiran%C3%AB,,
61,Z4 Bamit Plus Bar,"Rruga Qemal Stafa, Rruga e Saraceve, Tiranë",https://www.google.com/maps/search/Z4%20Bamit%20Plus%20Bar%20Rruga%20Qemal%20Stafa%2C%20Rruga%20e%20Saraceve%2C%20Tiran%C3%AB,,
62,Z4 Pasticeri A,"Rr Aleksandër Moisiu, tek kompleksi, fundi te Yogi Bar, Tiranë",https://www.google.com/maps/search/Z4%20Pasticeri%20A%20Rr%20Aleksand%C3%ABr%20Moisiu%2C%20tek%20kompleksi%2C%20fundi%20te%20Yogi%20Bar%2C%20Tiran%C3%AB,,
63,Z4 ILLY James,"Rruga Nikolla Zoraqi, ish Proframa pallate, Tiranë",https://www.google.com/maps/search/Z4%20ILLY%20James%20Rruga%20Nikolla%20Zoraqi%2C%20ish%20Proframa%20pallate%2C%20Tiran%C3%AB,,
64,Z4 Streto Stuart,"Rruga e Barrikadave, Neptun, varri i Bamit, Tiranë",https://www.google.com/maps/search/Z4%20Streto%20Stuart%20Rruga%20e%20Barrikadave%2C%20Neptun%2C%20varri%20i%20Bamit%2C%20Tiran%C3%AB,,
65,Z4 Bar Margjlen,"Rruga Qemal Stafa, në gjimnazin Osman, Tiranë",https://www.google.com/maps/search/Z4%20Bar%20Margjlen%20Rruga%20Qemal%20Stafa%2C%20n%C3%AB%20gjimnazin%20Osman%2C%20Tiran%C3%AB,,
66,Z4 Bar Green Garden,"Rruga Feti Xhajko, Rr Petro Nini Luarasi, Rruga e Dibrës përballë, Tiranë",https://www.google.com/maps/search/Z4%20Bar%20Green%20Garden%20Rruga%20Feti%20Xhajko%2C%20Rr%20Petro%20Nini%20Luarasi%2C%20Rruga%20e%20Dibr%C3%ABs%20p%C3%ABrball%C3%AB%2C%20Tiran%C3%AB,,
67,Z4 Noir Coffee & Fine Food,"Rruga Abdi Toptani, Rr Feti Xhajko, Rr Petro Nini Luarasi, Tiranë",https://www.google.com/maps/search/Z4%20Noir%20Coffee%20%26%20Fine%20Food%20Rruga%20Abdi%20Toptani%2C%20Rr%20Feti%20Xhajko%2C%20Rr%20Petro%20Nini%20Luarasi%2C%20Tiran%C3%AB,,
68,Z4 Market Jan Dark,"Rr Idriz Dollaku, pallatet Eraib, Tiranë",https://www.google.com/maps/search/Z4%20Market%20Jan%20Dark%20Rr%20Idriz%20Dollaku%2C%20pallatet%20Eraib%2C%20Tiran%C3%AB,,
69,Z4 Wendit Bar,"Rr Petro Nini Luarasi, 20 m sapo kalon Pasticeri Te Laj, medreseja, Tiranë",https://www.google.com/maps/search/Z4%20Wendit%20Bar%20Rr%20Petro%20Nini%20Luarasi%2C%2020%20m%20sapo%20kalon%20Pasticeri%20Te%20Laj%2C%20medreseja%2C%20Tiran%C3%AB,,
70,Z4 Market Alesion,"Kristo Rudi, përballë Hot Hotel, Rruga e Dibrës, Tiranë",https://www.google.com/maps/search/Z4%20Market%20Alesion%20Kristo%20Rudi%2C%20p%C3%ABrball%C3%AB%20Hot%20Hotel%2C%20Rruga%20e%20Dibr%C3%ABs%2C%20Tiran%C3%AB,,
71,Z4 Coffee Spot,"Dishnica, pazari, përballë Hotel Ari, Rruga e Dibrës, Tiranë",https://www.google.com/maps/search/Z4%20Coffee%20Spot%20Dishnica%2C%20pazari%2C%20p%C3%ABrball%C3%AB%20Hotel%20Ari%2C%20Rruga%20e%20Dibr%C3%ABs%2C%20Tiran%C3%AB,,
72,Z4 Fishop,"Dishnica, pazari, Rr Ali Guci, tek Tabacos, Tiranë",https://www.google.com/maps/search/Z4%20Fishop%20Dishnica%2C%20pazari%2C%20Rr%20Ali%20Guci%2C%20tek%20Tabacos%2C%20Tiran%C3%AB,,
73,Z4 Bar Gloria,"Rr Gjon Buzuku, përballë Rr Sherms, Tiranë",https://www.google.com/maps/search/Z4%20Bar%20Gloria%20Rr%20Gjon%20Buzuku%2C%20p%C3%ABrball%C3%AB%20Rr%20Sherms%2C%20Tiran%C3%AB,,
74,Z4 Kler PizzëPasta,"Rr Gjon Buzuku, Rr Besim Fagu, Kastrat, Tiranë",https://www.google.com/maps/search/Z4%20Kler%20Pizz%C3%ABPasta%20Rr%20Gjon%20Buzuku%2C%20Rr%20Besim%20Fagu%2C%20Kastrat%2C%20Tiran%C3%AB,,
75,Z4 Market Alonso,"Rr Besim Fagu, ngjitur me lounge, medreseja, Tiranë",https://www.google.com/maps/search/Z4%20Market%20Alonso%20Rr%20Besim%20Fagu%2C%20ngjitur%20me%20lounge%2C%20medreseja%2C%20Tiran%C3%AB,,
76,Z4 Corism Coffe,"Rr Hoxha Myhream, përballë pizzeri Toran, Tiranë",https://www.google.com/maps/search/Z4%20Corism%20Coffe%20Rr%20Hoxha%20Myhream%2C%20p%C3%ABrball%C3%AB%20pizzeri%20Toran%2C%20Tiran%C3%AB,,
77,Z4 Bilandrio Leri,"Rr Myhream, Kelçi përballë Top Tani, Tiranë",https://www.google.com/maps/search/Z4%20Bilandrio%20Leri%20Rr%20Myhream%2C%20Kel%C3%A7i%20p%C3%ABrball%C3%AB%20Top%20Tani%2C%20Tiran%C3%AB,,
78,Z4 Market Fiori,"Rr Denish Hekali, pas Shkollës së Kuqe, Rruga e Elbasanit, Tiranë",https://www.google.com/maps/search/Z4%20Market%20Fiori%20Rr%20Denish%20Hekali%2C%20pas%20Shkoll%C3%ABs%20s%C3%AB%20Kuqe%2C%20Rruga%20e%20Elbasanit%2C%20Tiran%C3%AB,,
79,Z4 Soft Cafe 2,"Rr Denish Hekali, pas Shkollës së Kuqe, Tiranë",https://www.google.com/maps/search/Z4%20Soft%20Cafe%202%20Rr%20Denish%20Hekali%2C%20pas%20Shkoll%C3%ABs%20s%C3%AB%20Kuqe%2C%20Tiran%C3%AB,,
80,Z4 Bar Shatervani,"Pazari i ri, Pallati Conad, Rr Barrikadave, Tiranë",https://www.google.com/maps/search/Z4%20Bar%20Shatervani%20Pazari%20i%20ri%2C%20Pallati%20Conad%2C%20Rr%20Barrikadave%2C%20Tiran%C3%AB,,
81,Z4 Furre Buke Lukarni,"Rr Aleksandër Zorba, qendra Concord Center, Tiranë",https://www.google.com/maps/search/Z4%20Furre%20Buke%20Lukarni%20Rr%20Aleksand%C3%ABr%20Zorba%2C%20qendra%20Concord%20Center%2C%20Tiran%C3%AB,,
82,Z4 The Pearl,"Rruga Odise Paskali, stacion buke Balitu, Tiranë",https://www.google.com/maps/search/Z4%20The%20Pearl%20Rruga%20Odise%20Paskali%2C%20stacion%20buke%20Balitu%2C%20Tiran%C3%AB,,
83,Z4 Stacioni i Vjeter,"Rr Qemal Stafa, fundi te stacioni, Tiranë",https://www.google.com/maps/search/Z4%20Stacioni%20i%20Vjeter%20Rr%20Qemal%20Stafa%2C%20fundi%20te%20stacioni%2C%20Tiran%C3%AB,,
84,Z4 Tabaco DD,"Rruga e Barrikadave, Tiranë",https://www.google.com/maps/search/Z4%20Tabaco%20DD%20Rruga%20e%20Barrikadave%2C%20Tiran%C3%AB,,
85,Z4 Bar Kafe (Bujar),"Rr Qemal Stafa, para Bar24, Rr Teta i Tashko, Tiranë",https://www.google.com/maps/search/Z4%20Bar%20Kafe%20%28Bujar%29%20Rr%20Qemal%20Stafa%2C%20para%20Bar24%2C%20Rr%20Teta%20i%20Tashko%2C%20Tiran%C3%AB,,
86,Z4 Te Shpat Vjeter,"Bulevardi, fundi i bulevardit, Tiranë",https://www.google.com/maps/search/Z4%20Te%20Shpat%20Vjeter%20Bulevardi%2C%20fundi%20i%20bulevardit%2C%20Tiran%C3%AB,,
87,Z4 Ilitria Hotel,"Rruga e Elbasanit, Fakulteti i Fiziologjisë, Tiranë",https://www.google.com/maps/search/Z4%20Ilitria%20Hotel%20Rruga%20e%20Elbasanit%2C%20Fakulteti%20i%20Fiziologjis%C3%AB%2C%20Tiran%C3%AB,,
88,Z4 Pizza Famous,"Rruga e Elbasanit, Rr Selenica, tek City Fitness, Tiranë",https://www.google.com/maps/search/Z4%20Pizza%20Famous%20Rruga%20e%20Elbasanit%2C%20Rr%20Selenica%2C%20tek%20City%20Fitness%2C%20Tiran%C3%AB,,
89,Z4 Bar Kafe (Esmail),"Rr Selenica, tek City Fitness, ngjitur me urën, Tiranë",https://www.google.com/maps/search/Z4%20Bar%20Kafe%20%28Esmail%29%20Rr%20Selenica%2C%20tek%20City%20Fitness%2C%20ngjitur%20me%20ur%C3%ABn%2C%20Tiran%C3%AB,,
90,Z4 Bar Kafe Falcone,"Rruga Begir Luga, mbi Rr Grana 1, Tiranë",https://www.google.com/maps/search/Z4%20Bar%20Kafe%20Falcone%20Rruga%20Begir%20Luga%2C%20mbi%20Rr%20Grana%201%2C%20Tiran%C3%AB,,
91,Z4 Market (Shkelqim),"Rr Rami, Perat Rexhepi, përballë, Tiranë",https://www.google.com/maps/search/Z4%20Market%20%28Shkelqim%29%20Rr%20Rami%2C%20Perat%20Rexhepi%2C%20p%C3%ABrball%C3%AB%2C%20Tiran%C3%AB,,
92,Z4 Seven Bar,"Rr Hoxha Tahsim, te restorant Fish, Tiranë",https://www.google.com/maps/search/Z4%20Seven%20Bar%20Rr%20Hoxha%20Tahsim%2C%20te%20restorant%20Fish%2C%20Tiran%C3%AB,,
93,Z4 Bar Kafe Ncep,"Kryqëzimi, ngjitur me Rrugën Baxhyt, Tiranë",https://www.google.com/maps/search/Z4%20Bar%20Kafe%20Ncep%20Kryq%C3%ABzimi%2C%20ngjitur%20me%20Rrug%C3%ABn%20Baxhyt%2C%20Tiran%C3%AB,,
94,Z4 Zamri Bar,"Rr Feti Xhajko, pa shkuar te kryqëzimi, Tiranë",https://www.google.com/maps/search/Z4%20Zamri%20Bar%20Rr%20Feti%20Xhajko%2C%20pa%20shkuar%20te%20kryq%C3%ABzimi%2C%20Tiran%C3%AB,,
95,Z4 Market Khimi,"Rr Arkitekt Sinani, ngjitur me Nam Nam, Tiranë",https://www.google.com/maps/search/Z4%20Market%20Khimi%20Rr%20Arkitekt%20Sinani%2C%20ngjitur%20me%20Nam%20Nam%2C%20Tiran%C3%AB,,
96,Z4 Bar Kafe (Majlinda),"Rr Besim Fagu, Rr Xhantize Keko, Tiranë",https://www.google.com/maps/search/Z4%20Bar%20Kafe%20%28Majlinda%29%20Rr%20Besim%20Fagu%2C%20Rr%20Xhantize%20Keko%2C%20Tiran%C3%AB,,
97,Z4 Bar Artit Xhamilik,"Rr Xhantize Keko, Rr Hoxha Tahsim, Rr Besim Fagu, Tiranë",https://www.google.com/maps/search/Z4%20Bar%20Artit%20Xhamilik%20Rr%20Xhantize%20Keko%2C%20Rr%20Hoxha%20Tahsim%2C%20Rr%20Besim%20Fagu%2C%20Tiran%C3%AB,,
98,Z4 Bar Restorant Kashta,"Rr Xhantize Keko, Rr Besim Fagu, Rr Kari Gega, Tiranë",https://www.google.com/maps/search/Z4%20Bar%20Restorant%20Kashta%20Rr%20Xhantize%20Keko%2C%20Rr%20Besim%20Fagu%2C%20Rr%20Kari%20Gega%2C%20Tiran%C3%AB,,
99,Z4 Market Ada,"pranë Spas Dental Klinik, Rr Et'hem Harazi, Tiranë",https://www.google.com/maps/search/Z4%20Market%20Ada%20pran%C3%AB%20Spas%20Dental%20Klinik%2C%20Rr%20Et%27hem%20Harazi%2C%20Tiran%C3%AB,,
100,Z4 Bar Doichand,"Rruga e Sparis, Sit Kofra mbrapa, Tiranë",https://www.google.com/maps/search/Z4%20Bar%20Doichand%20Rruga%20e%20Sparis%2C%20Sit%20Kofra%20mbrapa%2C%20Tiran%C3%AB,,
101,Z4 Tabaco (Blerta),"Rr Odise Paskali, përballë Vilës 44, kompleksi Halli, Tiranë",https://www.google.com/maps/search/Z4%20Tabaco%20%28Blerta%29%20Rr%20Odise%20Paskali%2C%20p%C3%ABrball%C3%AB%20Vil%C3%ABs%2044%2C%20kompleksi%20Halli%2C%20Tiran%C3%AB,,
102,Z4 Bulmet Jugu,"Rr Odise Paskali, prodhime mishi dhe bulmeti, Tiranë",https://www.google.com/maps/search/Z4%20Bulmet%20Jugu%20Rr%20Odise%20Paskali%2C%20prodhime%20mishi%20dhe%20bulmeti%2C%20Tiran%C3%AB,,
103,Z4 Bar Kafe & More,"Rr Hoxha Tahsim, Rr Xhantize Keko, Rr Selenica, tek City Fitness, Tiranë",https://www.google.com/maps/search/Z4%20Bar%20Kafe%20%26%20More%20Rr%20Hoxha%20Tahsim%2C%20Rr%20Xhantize%20Keko%2C%20Rr%20Selenica%2C%20tek%20City%20Fitness%2C%20Tiran%C3%AB,,
104,Z4 Bar Kafe (Denis),"Rr Odise Paskali, përballë Vilës 44, Rr Xhantize Keko, Tiranë",https://www.google.com/maps/search/Z4%20Bar%20Kafe%20%28Denis%29%20Rr%20Odise%20Paskali%2C%20p%C3%ABrball%C3%AB%20Vil%C3%ABs%2044%2C%20Rr%20Xhantize%20Keko%2C%20Tiran%C3%AB,,
105,Z4 Mimu,"Rruga e Dibrës, Stacioni i vjetër Selman Riza, Rr Kari Gega, Tiranë",https://www.google.com/maps/search/Z4%20Mimu%20Rruga%20e%20Dibr%C3%ABs%2C%20Stacioni%20i%20vjet%C3%ABr%20Selman%20Riza%2C%20Rr%20Kari%20Gega%2C%20Tiran%C3%AB,,
106,Z4 Pizza Eraild,"Rr Selman Riza, Stacioni i Vjetër, Rr Kari Gega, pranë City Fitness, Tiranë",https://www.google.com/maps/search/Z4%20Pizza%20Eraild%20Rr%20Selman%20Riza%2C%20Stacioni%20i%20Vjet%C3%ABr%2C%20Rr%20Kari%20Gega%2C%20pran%C3%AB%20City%20Fitness%2C%20Tiran%C3%AB,,
107,Z4 Bar Corner,"Rr Ozon Elektronik, Rr Kari Gega, Rr 5 Maji, Tiranë",https://www.google.com/maps/search/Z4%20Bar%20Corner%20Rr%20Ozon%20Elektronik%2C%20Rr%20Kari%20Gega%2C%20Rr%205%20Maji%2C%20Tiran%C3%AB,,
108,Z4 Butmelore Geni,"Rr Ozon Elektronik, rrugë Shën Luarasi, tek Kusina, Tiranë",https://www.google.com/maps/search/Z4%20Butmelore%20Geni%20Rr%20Ozon%20Elektronik%2C%20rrug%C3%AB%20Sh%C3%ABn%20Luarasi%2C%20tek%20Kusina%2C%20Tiran%C3%AB,,
109,Z4 Bar Arsi Lounge,"Rr 5 Maj, pranë Coffee Gega, Oase Restaurant, Tiranë",https://www.google.com/maps/search/Z4%20Bar%20Arsi%20Lounge%20Rr%205%20Maj%2C%20pran%C3%AB%20Coffee%20Gega%2C%20Oase%20Restaurant%2C%20Tiran%C3%AB,,
110,Z4 Albana Caffe,"Rruga e Barrikadave, ngjitur me Elvi Caffe, Tiranë",https://www.google.com/maps/search/Z4%20Albana%20Caffe%20Rruga%20e%20Barrikadave%2C%20ngjitur%20me%20Elvi%20Caffe%2C%20Tiran%C3%AB,,
111,Hotel Pacifico,"Bardhok Biba, përballë Pasticeri Akropoli, Tiranë",https://www.google.com/maps/search/Hotel%20Pacifico%20Bardhok%20Biba%2C%20p%C3%ABrball%C3%AB%20Pasticeri%20Akropoli%2C%20Tiran%C3%AB,,
112,Z4 Kristin Kofi,"Rr Xhantize Keko, ngjitur me Mon Amorin, Tiranë",https://www.google.com/maps/search/Z4%20Kristin%20Kofi%20Rr%20Xhantize%20Keko%2C%20ngjitur%20me%20Mon%20Amorin%2C%20Tiran%C3%AB,,
113,Bar RST,"Kinostudio, pranë Ministrisë së Kulturës, Tiranë",https://www.google.com/maps/search/Bar%20RST%20Kinostudio%2C%20pran%C3%AB%20Ministris%C3%AB%20s%C3%AB%20Kultur%C3%ABs%2C%20Tiran%C3%AB,,
114,Z4 Bar Tiss,"Rr Adise Paskali, pranë sheshit të Xhamllikut, Tiranë",https://www.google.com/maps/search/Z4%20Bar%20Tiss%20Rr%20Adise%20Paskali%2C%20pran%C3%AB%20sheshit%20t%C3%AB%20Xhamllikut%2C%20Tiran%C3%AB,,
115,Bar Meduza,"Rruga e Thesarit, 100 m para se të shkosh te Hava, Tiranë",https://www.google.com/maps/search/Bar%20Meduza%20Rruga%20e%20Thesarit%2C%20100%20m%20para%20se%20t%C3%AB%20shkosh%20te%20Hava%2C%20Tiran%C3%AB,,
116,Z4 Vila Shijaku,"Rr Vidani Luarasi, pranë market Xhangollit, Tiranë",https://www.google.com/maps/search/Z4%20Vila%20Shijaku%20Rr%20Vidani%20Luarasi%2C%20pran%C3%AB%20market%20Xhangollit%2C%20Tiran%C3%AB,,
117,Z4 Market Kimete Topi,"Rr Ministo, përballë New Jersey, manastirit, Tiranë",https://www.google.com/maps/search/Z4%20Market%20Kimete%20Topi%20Rr%20Ministo%2C%20p%C3%ABrball%C3%AB%20New%20Jersey%2C%20manastirit%2C%20Tiran%C3%AB,,
118,Z4 Furre Buke Mareldo (Jurgen),"Rruga Kongres-i, manastirit, përballë farmaci, Tiranë",https://www.google.com/maps/search/Z4%20Furre%20Buke%20Mareldo%20%28Jurgen%29%20Rruga%20Kongres-i%2C%20manastirit%2C%20p%C3%ABrball%C3%AB%20farmaci%2C%20Tiran%C3%AB,,
119,Z4 Magic Pizza (Sidorela),"Rruga Kongres-i, brenda kompleksit, Tiranë",https://www.google.com/maps/search/Z4%20Magic%20Pizza%20%28Sidorela%29%20Rruga%20Kongres-i%2C%20brenda%20kompleksit%2C%20Tiran%C3%AB,,
120,Z4 Mix Pizza 2 (Anxhela),"manastirit, ngjitur me shkollën, Tiranë",https://www.google.com/maps/search/Z4%20Mix%20Pizza%202%20%28Anxhela%29%20manastirit%2C%20ngjitur%20me%20shkoll%C3%ABn%2C%20Tiran%C3%AB,,
121,Z4 Tabaco Bobi (last),"përballë Odes Lik te Senatori M, Rr Talo, Tiranë",https://www.google.com/maps/search/Z4%20Tabaco%20Bobi%20%28last%29%20p%C3%ABrball%C3%AB%20Odes%20Lik%20te%20Senatori%20M%2C%20Rr%20Talo%2C%20Tiran%C3%AB,,
122,Z4 Cigarette One,"Rr Hoxha Tahsim, përballë, Tiranë",https://www.google.com/maps/search/Z4%20Cigarette%20One%20Rr%20Hoxha%20Tahsim%2C%20p%C3%ABrball%C3%AB%2C%20Tiran%C3%AB,,
123,Z4 Via Gold Halili,"Rr Petro Nini, Tiranë",https://www.google.com/maps/search/Z4%20Via%20Gold%20Halili%20Rr%20Petro%20Nini%2C%20Tiran%C3%AB,,
124,Z4 MëM Coffe,Tiranë,https://www.google.com/maps/search/Z4%20M%C3%ABM%20Coffe%20Tiran%C3%AB,,
125,Z4 Tabacco Red & Black,"Rruga e Dibrës, ngjitur me Vien Gold, Tiranë",https://www.google.com/maps/search/Z4%20Tabacco%20Red%20%26%20Black%20Rruga%20e%20Dibr%C3%ABs%2C%20ngjitur%20me%20Vien%20Gold%2C%20Tiran%C3%AB,,
126,Z4 Market Aidi,"Rruga Myslym Keta, përballë Basiku, Tiranë",https://www.google.com/maps/search/Z4%20Market%20Aidi%20Rruga%20Myslym%20Keta%2C%20p%C3%ABrball%C3%AB%20Basiku%2C%20Tiran%C3%AB,,
127,Z4 Caffe Bar (Taulian),"Rr Petro Nini Luarasi, Rruga Begir Luga, Rr 5 Maji, Tiranë",https://www.google.com/maps/search/Z4%20Caffe%20Bar%20%28Taulian%29%20Rr%20Petro%20Nini%20Luarasi%2C%20Rruga%20Begir%20Luga%2C%20Rr%205%20Maji%2C%20Tiran%C3%AB,,
128,2T Tobacco,Tiranë,https://www.google.com/maps/search/2T%20Tobacco%20Tiran%C3%AB,,
129,333 Lounge,Tiranë,https://www.google.com/maps/search/333%20Lounge%20Tiran%C3%AB,,
130,Ali Caffe,Tiranë,https://www.google.com/maps/search/Ali%20Caffe%20Tiran%C3%AB,,
131,Alimadhi Restaurant,"Rr. Zihni Sako, Tiranë",https://www.google.com/maps/search/Alimadhi%20Restaurant%20Rr.%20Zihni%20Sako%2C%20Tiran%C3%AB,,
132,Arco,"Rr. Qemal Stafa, Tiranë",https://www.google.com/maps/search/Arco%20Rr.%20Qemal%20Stafa%2C%20Tiran%C3%AB,,
133,Bar (pa emer) Saraceve,"Rr. Saraceve, Tiranë",https://www.google.com/maps/search/Bar%20%28pa%20emer%29%20Saraceve%20Rr.%20Saraceve%2C%20Tiran%C3%AB,,
134,Bar (Qemal Stafa klinika),"Rr. Qemal Stafa klinika, Tiranë",https://www.google.com/maps/search/Bar%20%28Qemal%20Stafa%20klinika%29%20Rr.%20Qemal%20Stafa%20klinika%2C%20Tiran%C3%AB,,
135,Bar Arena,Tiranë,https://www.google.com/maps/search/Bar%20Arena%20Tiran%C3%AB,,
136,Bar Aroma,Tiranë,https://www.google.com/maps/search/Bar%20Aroma%20Tiran%C3%AB,,
137,Bar Firenze,Tiranë,https://www.google.com/maps/search/Bar%20Firenze%20Tiran%C3%AB,,
138,Bar Flower,Tiranë,https://www.google.com/maps/search/Bar%20Flower%20Tiran%C3%AB,,
139,Bar Frenkli,Tiranë,https://www.google.com/maps/search/Bar%20Frenkli%20Tiran%C3%AB,,
140,Bar Kafe (Qemal Stafa),"Rr. Qemal Stafa, Tiranë",https://www.google.com/maps/search/Bar%20Kafe%20%28Qemal%20Stafa%29%20Rr.%20Qemal%20Stafa%2C%20Tiran%C3%AB,,
141,Bar Milano,Tiranë,https://www.google.com/maps/search/Bar%20Milano%20Tiran%C3%AB,,
142,Bar pa emer (Qemal Stafa),"Rr. Qemal Stafa, Tiranë",https://www.google.com/maps/search/Bar%20pa%20emer%20%28Qemal%20Stafa%29%20Rr.%20Qemal%20Stafa%2C%20Tiran%C3%AB,,
143,Bar Pasticeri Erlin,Tiranë,https://www.google.com/maps/search/Bar%20Pasticeri%20Erlin%20Tiran%C3%AB,,
144,Bar përballë shkollës Niket Dardani,"përballë shkollës Niket Dardani, Tiranë",https://www.google.com/maps/search/Bar%20p%C3%ABrball%C3%AB%20shkoll%C3%ABs%20Niket%20Dardani%20p%C3%ABrball%C3%AB%20shkoll%C3%ABs%20Niket%20Dardani%2C%20Tiran%C3%AB,,
145,Bar POS,Tiranë,https://www.google.com/maps/search/Bar%20POS%20Tiran%C3%AB,,
146,Bar te Penny Market,Tiranë,https://www.google.com/maps/search/Bar%20te%20Penny%20Market%20Tiran%C3%AB,,
147,Bar Unique,Tiranë,https://www.google.com/maps/search/Bar%20Unique%20Tiran%C3%AB,,
148,Barikadave (App shkarkuar),"Rr. Barrikadave, Tiranë",https://www.google.com/maps/search/Barikadave%20%28App%20shkarkuar%29%20Rr.%20Barrikadave%2C%20Tiran%C3%AB,,
149,Bosphorus Restaurant,Tiranë,https://www.google.com/maps/search/Bosphorus%20Restaurant%20Tiran%C3%AB,,
150,Bridge Lounge,"Tower Bridge, Tiranë",https://www.google.com/maps/search/Bridge%20Lounge%20Tower%20Bridge%2C%20Tiran%C3%AB,,
151,Brilliant Hotel,"Rr. Jeronim de Rada, Bulevardi, Tiranë",https://www.google.com/maps/search/Brilliant%20Hotel%20Rr.%20Jeronim%20de%20Rada%2C%20Bulevardi%2C%20Tiran%C3%AB,,
152,Caffe Lela,Tiranë,https://www.google.com/maps/search/Caffe%20Lela%20Tiran%C3%AB,,
153,Caffe te 05 Shop,"Rr. Dibres, Tiranë",https://www.google.com/maps/search/Caffe%20te%2005%20Shop%20Rr.%20Dibres%2C%20Tiran%C3%AB,,
154,Cali's Caffe,Tiranë,https://www.google.com/maps/search/Cali%27s%20Caffe%20Tiran%C3%AB,,
155,Canadian Bar,Tiranë,https://www.google.com/maps/search/Canadian%20Bar%20Tiran%C3%AB,,
156,Chill Zone Tirana,Tiranë,https://www.google.com/maps/search/Chill%20Zone%20Tirana%20Tiran%C3%AB,,
157,Corner Caffe,Tiranë,https://www.google.com/maps/search/Corner%20Caffe%20Tiran%C3%AB,,
158,Cross Caffe,Tiranë,https://www.google.com/maps/search/Cross%20Caffe%20Tiran%C3%AB,,
159,Dark Lounge,Tiranë,https://www.google.com/maps/search/Dark%20Lounge%20Tiran%C3%AB,,
160,DD Tobacco,Tiranë,https://www.google.com/maps/search/DD%20Tobacco%20Tiran%C3%AB,,
161,Diella,"9 Katshet, Tiranë",https://www.google.com/maps/search/Diella%209%20Katshet%2C%20Tiran%C3%AB,,
162,Dyqan i vogel (Qemal Stafa),"Rr. Qemal Stafa, Tiranë",https://www.google.com/maps/search/Dyqan%20i%20vogel%20%28Qemal%20Stafa%29%20Rr.%20Qemal%20Stafa%2C%20Tiran%C3%AB,,
163,Dyqan i vogel Saraceve,"Rr. Saraceve, Tiranë",https://www.google.com/maps/search/Dyqan%20i%20vogel%20Saraceve%20Rr.%20Saraceve%2C%20Tiran%C3%AB,,
164,Edmond Shkoza,"Ambulant me frigorifera anës rrugës, Tiranë",https://www.google.com/maps/search/Edmond%20Shkoza%20Ambulant%20me%20frigorifera%20an%C3%ABs%20rrug%C3%ABs%2C%20Tiran%C3%AB,,
165,Elite Shisha,Tiranë,https://www.google.com/maps/search/Elite%20Shisha%20Tiran%C3%AB,,
166,Emerald Hotel,Tiranë,https://www.google.com/maps/search/Emerald%20Hotel%20Tiran%C3%AB,,
167,Eren Bar,Tiranë,https://www.google.com/maps/search/Eren%20Bar%20Tiran%C3%AB,,
168,Euxheni's Caffe,Tiranë,https://www.google.com/maps/search/Euxheni%27s%20Caffe%20Tiran%C3%AB,,
169,Fast Food (Niket Dardani),"Rr. Niket Dardani, Tiranë",https://www.google.com/maps/search/Fast%20Food%20%28Niket%20Dardani%29%20Rr.%20Niket%20Dardani%2C%20Tiran%C3%AB,,
170,Fast Food (Saraceve hyrja),"Rr. Saraceve hyrja, Tiranë",https://www.google.com/maps/search/Fast%20Food%20%28Saraceve%20hyrja%29%20Rr.%20Saraceve%20hyrja%2C%20Tiran%C3%AB,,
171,Fast Food Albania,Tiranë,https://www.google.com/maps/search/Fast%20Food%20Albania%20Tiran%C3%AB,,
172,Fast Food Friends,Tiranë,https://www.google.com/maps/search/Fast%20Food%20Friends%20Tiran%C3%AB,,
173,Fast Food Orgi,Tiranë,https://www.google.com/maps/search/Fast%20Food%20Orgi%20Tiran%C3%AB,,
174,Fast Food Rulo te Sheshi,"te sheshi, Tiranë",https://www.google.com/maps/search/Fast%20Food%20Rulo%20te%20Sheshi%20te%20sheshi%2C%20Tiran%C3%AB,,
175,Fast Food Tirana (Luigj Gurakuqi),"Rr. Luigj Gurakuqi, Tiranë",https://www.google.com/maps/search/Fast%20Food%20Tirana%20%28Luigj%20Gurakuqi%29%20Rr.%20Luigj%20Gurakuqi%2C%20Tiran%C3%AB,,
176,Filari Restorant,Tiranë,https://www.google.com/maps/search/Filari%20Restorant%20Tiran%C3%AB,,
177,Fish Town Restaurant (Kinostudio),"Kinostudio, Tiranë",https://www.google.com/maps/search/Fish%20Town%20Restaurant%20%28Kinostudio%29%20Kinostudio%2C%20Tiran%C3%AB,,
178,Galeria Lounge,"Galeria Tirana, Tiranë",https://www.google.com/maps/search/Galeria%20Lounge%20Galeria%20Tirana%2C%20Tiran%C3%AB,,
179,Goloso Pizzeri Restaurant,Tiranë,https://www.google.com/maps/search/Goloso%20Pizzeri%20Restaurant%20Tiran%C3%AB,,
180,Greek Street Food,Tiranë,https://www.google.com/maps/search/Greek%20Street%20Food%20Tiran%C3%AB,,
181,Harli (9 Katshet),"9 Katshet, Tiranë",https://www.google.com/maps/search/Harli%20%289%20Katshet%29%209%20Katshet%2C%20Tiran%C3%AB,,
182,Holiday Lounge,Tiranë,https://www.google.com/maps/search/Holiday%20Lounge%20Tiran%C3%AB,,
183,Hotel Austria,"Bulevardi, Tiranë",https://www.google.com/maps/search/Hotel%20Austria%20Bulevardi%2C%20Tiran%C3%AB,,
184,Hotel By Noshi,"Bulevardi, Tiranë",https://www.google.com/maps/search/Hotel%20By%20Noshi%20Bulevardi%2C%20Tiran%C3%AB,,
185,Hotel Palazzo Rome,"Bulevardi, Tiranë",https://www.google.com/maps/search/Hotel%20Palazzo%20Rome%20Bulevardi%2C%20Tiran%C3%AB,,
186,Il Toto (Arkitekt Sinani),"Rr. Arkitekt Sinani, Tiranë",https://www.google.com/maps/search/Il%20Toto%20%28Arkitekt%20Sinani%29%20Rr.%20Arkitekt%20Sinani%2C%20Tiran%C3%AB,,
187,Kevin Bar,Tiranë,https://www.google.com/maps/search/Kevin%20Bar%20Tiran%C3%AB,,
188,Koan Market,Tiranë,https://www.google.com/maps/search/Koan%20Market%20Tiran%C3%AB,,
189,Krem Caffe,Tiranë,https://www.google.com/maps/search/Krem%20Caffe%20Tiran%C3%AB,,
190,La Famiglia Lounge (Saraceve),"Rr. Saraceve, Tiranë",https://www.google.com/maps/search/La%20Famiglia%20Lounge%20%28Saraceve%29%20Rr.%20Saraceve%2C%20Tiran%C3%AB,,
191,La Favorita,Tiranë,https://www.google.com/maps/search/La%20Favorita%20Tiran%C3%AB,,
192,Landi Market,"Rr. Luigj Gurakuqi, Tiranë",https://www.google.com/maps/search/Landi%20Market%20Rr.%20Luigj%20Gurakuqi%2C%20Tiran%C3%AB,,
193,Lezet,Tiranë,https://www.google.com/maps/search/Lezet%20Tiran%C3%AB,,
194,Lux Bar,Tiranë,https://www.google.com/maps/search/Lux%20Bar%20Tiran%C3%AB,,
195,M'anna Fast Food,Tiranë,https://www.google.com/maps/search/M%27anna%20Fast%20Food%20Tiran%C3%AB,,
196,Mamma Mia (Kalaja),"Kalaja, Tiranë",https://www.google.com/maps/search/Mamma%20Mia%20%28Kalaja%29%20Kalaja%2C%20Tiran%C3%AB,,
197,Manna Fast Food (Galeria),"Galeria Tirana, Tiranë",https://www.google.com/maps/search/Manna%20Fast%20Food%20%28Galeria%29%20Galeria%20Tirana%2C%20Tiran%C3%AB,,
198,Markata e Peshkut Ylli,Tiranë,https://www.google.com/maps/search/Markata%20e%20Peshkut%20Ylli%20Tiran%C3%AB,,
199,Market (Niket Dardani),"Rr. Niket Dardani, Tiranë",https://www.google.com/maps/search/Market%20%28Niket%20Dardani%29%20Rr.%20Niket%20Dardani%2C%20Tiran%C3%AB,,
200,Market (Rifat Bodini),"Rr. Rifat Bodini, Tiranë",https://www.google.com/maps/search/Market%20%28Rifat%20Bodini%29%20Rr.%20Rifat%20Bodini%2C%20Tiran%C3%AB,,
201,Market 5 Maj Lagja,"Lagja 5 Maj, Tiranë",https://www.google.com/maps/search/Market%205%20Maj%20Lagja%20Lagja%205%20Maj%2C%20Tiran%C3%AB,,
202,Market Aldi,Tiranë,https://www.google.com/maps/search/Market%20Aldi%20Tiran%C3%AB,,
203,Market Enio (Luigj Gurakuqi),"Rr. Luigj Gurakuqi, Tiranë",https://www.google.com/maps/search/Market%20Enio%20%28Luigj%20Gurakuqi%29%20Rr.%20Luigj%20Gurakuqi%2C%20Tiran%C3%AB,,
204,Market Ida,Tiranë,https://www.google.com/maps/search/Market%20Ida%20Tiran%C3%AB,,
205,Market Kondi,Tiranë,https://www.google.com/maps/search/Market%20Kondi%20Tiran%C3%AB,,
206,Market Margarita,Tiranë,https://www.google.com/maps/search/Market%20Margarita%20Tiran%C3%AB,,
207,Market Miri,Tiranë,https://www.google.com/maps/search/Market%20Miri%20Tiran%C3%AB,,
208,Market ngjitur me Market Kondin,Tiranë,https://www.google.com/maps/search/Market%20ngjitur%20me%20Market%20Kondin%20Tiran%C3%AB,,
209,Market Stacioni Autobusit,"Stacioni i autobusit, Tiranë",https://www.google.com/maps/search/Market%20Stacioni%20Autobusit%20Stacioni%20i%20autobusit%2C%20Tiran%C3%AB,,
210,Market te Optika Dea,Tiranë,https://www.google.com/maps/search/Market%20te%20Optika%20Dea%20Tiran%C3%AB,,
211,Market Xhimi,Tiranë,https://www.google.com/maps/search/Market%20Xhimi%20Tiran%C3%AB,,
212,Marques Caffe,Tiranë,https://www.google.com/maps/search/Marques%20Caffe%20Tiran%C3%AB,,
213,Mensa - Tradita (Imer Ndregjoni),"Rr. Imer Ndregjoni, Tiranë",https://www.google.com/maps/search/Mensa%20-%20Tradita%20%28Imer%20Ndregjoni%29%20Rr.%20Imer%20Ndregjoni%2C%20Tiran%C3%AB,,
214,Millenium Garden,Tiranë,https://www.google.com/maps/search/Millenium%20Garden%20Tiran%C3%AB,,
215,Mini Market Dibra (Shkolla e Kuqe),"Shkolla e Kuqe, Tiranë",https://www.google.com/maps/search/Mini%20Market%20Dibra%20%28Shkolla%20e%20Kuqe%29%20Shkolla%20e%20Kuqe%2C%20Tiran%C3%AB,,
216,Mini Market Xheta,Tiranë,https://www.google.com/maps/search/Mini%20Market%20Xheta%20Tiran%C3%AB,,
217,Minimarket Fredi,Tiranë,https://www.google.com/maps/search/Minimarket%20Fredi%20Tiran%C3%AB,,
218,Mokador (Galeria),"Galeria Tirana, Tiranë",https://www.google.com/maps/search/Mokador%20%28Galeria%29%20Galeria%20Tirana%2C%20Tiran%C3%AB,,
219,Mokador (tea caffe),"përballë NAM NAM, Rruga 5 Maj, Tiranë",https://www.google.com/maps/search/Mokador%20%28tea%20caffe%29%20p%C3%ABrball%C3%AB%20NAM%20NAM%2C%20Rruga%205%20Maj%2C%20Tiran%C3%AB,,
220,MOM Restaurant,"9 Katshet mbrapa Fit Food, Tiranë",https://www.google.com/maps/search/MOM%20Restaurant%209%20Katshet%20mbrapa%20Fit%20Food%2C%20Tiran%C3%AB,,
221,Mr. Pizza (Kinostudio),"Kinostudio, Tiranë",https://www.google.com/maps/search/Mr.%20Pizza%20%28Kinostudio%29%20Kinostudio%2C%20Tiran%C3%AB,,
222,My Market,Tiranë,https://www.google.com/maps/search/My%20Market%20Tiran%C3%AB,,
223,NAM NAM (5 Maj),"Rruga 5 Maj, Tiranë",https://www.google.com/maps/search/NAM%20NAM%20%285%20Maj%29%20Rruga%205%20Maj%2C%20Tiran%C3%AB,,
224,Nazo Market,Tiranë,https://www.google.com/maps/search/Nazo%20Market%20Tiran%C3%AB,,
225,Neri Caffe & Pizzeria,Tiranë,https://www.google.com/maps/search/Neri%20Caffe%20%26%20Pizzeria%20Tiran%C3%AB,,
226,Noel Fish,Tiranë,https://www.google.com/maps/search/Noel%20Fish%20Tiran%C3%AB,,
227,NOOR,Tiranë,https://www.google.com/maps/search/NOOR%20Tiran%C3%AB,,
228,Oda Lounge (5 Maj),"Lagja 5 Maj, Tiranë",https://www.google.com/maps/search/Oda%20Lounge%20%285%20Maj%29%20Lagja%205%20Maj%2C%20Tiran%C3%AB,,
229,Oda Lounge Bar (Kinostudio),"Kinostudio, Tiranë",https://www.google.com/maps/search/Oda%20Lounge%20Bar%20%28Kinostudio%29%20Kinostudio%2C%20Tiran%C3%AB,,
230,Oda Traditional Food,Tiranë,https://www.google.com/maps/search/Oda%20Traditional%20Food%20Tiran%C3%AB,,
231,Oping's,Tiranë,https://www.google.com/maps/search/Oping%27s%20Tiran%C3%AB,,
232,Oreks Fast Food,Tiranë,https://www.google.com/maps/search/Oreks%20Fast%20Food%20Tiran%C3%AB,,
233,Oxygen Hotel,Tiranë,https://www.google.com/maps/search/Oxygen%20Hotel%20Tiran%C3%AB,,
234,Pacifico,Tiranë,https://www.google.com/maps/search/Pacifico%20Tiran%C3%AB,,
235,Pastaria,Tiranë,https://www.google.com/maps/search/Pastaria%20Tiran%C3%AB,,
236,Pasticeri Linda,Tiranë,https://www.google.com/maps/search/Pasticeri%20Linda%20Tiran%C3%AB,,
237,Pasticeri Tito,Tiranë,https://www.google.com/maps/search/Pasticeri%20Tito%20Tiran%C3%AB,,
238,Pizza Famous,Tiranë,https://www.google.com/maps/search/Pizza%20Famous%20Tiran%C3%AB,,
239,Pizza Joni Hallall,Tiranë,https://www.google.com/maps/search/Pizza%20Joni%20Hallall%20Tiran%C3%AB,,
240,Pizza Ogi (Imer Ndregjoni),"Rr. Imer Ndregjoni, Tiranë",https://www.google.com/maps/search/Pizza%20Ogi%20%28Imer%20Ndregjoni%29%20Rr.%20Imer%20Ndregjoni%2C%20Tiran%C3%AB,,
241,Pizza Stacioni,Tiranë,https://www.google.com/maps/search/Pizza%20Stacioni%20Tiran%C3%AB,,
242,Pizzarte 9 Katshet,"9 Katshet, Tiranë",https://www.google.com/maps/search/Pizzarte%209%20Katshet%209%20Katshet%2C%20Tiran%C3%AB,,
243,Pizzeri Ajro Hallall,Tiranë,https://www.google.com/maps/search/Pizzeri%20Ajro%20Hallall%20Tiran%C3%AB,,
244,Pizzeri Brryli,"Brryli, Tower Bridge, Tiranë",https://www.google.com/maps/search/Pizzeri%20Brryli%20Brryli%2C%20Tower%20Bridge%2C%20Tiran%C3%AB,,
245,Pizzeri Orient,Tiranë,https://www.google.com/maps/search/Pizzeri%20Orient%20Tiran%C3%AB,,
246,Pizzeri Oxhaku (Gelateri),Tiranë,https://www.google.com/maps/search/Pizzeri%20Oxhaku%20%28Gelateri%29%20Tiran%C3%AB,,
247,Pizzeri Pasticeri Medinah,Tiranë,https://www.google.com/maps/search/Pizzeri%20Pasticeri%20Medinah%20Tiran%C3%AB,,
248,Pizzeri Visi & Miku,Tiranë,https://www.google.com/maps/search/Pizzeri%20Visi%20%26%20Miku%20Tiran%C3%AB,,
249,Pomo Doro,Tiranë,https://www.google.com/maps/search/Pomo%20Doro%20Tiran%C3%AB,,
250,Poppeys Caffe,Tiranë,https://www.google.com/maps/search/Poppeys%20Caffe%20Tiran%C3%AB,,
251,Rei Mare Restaurant,Tiranë,https://www.google.com/maps/search/Rei%20Mare%20Restaurant%20Tiran%C3%AB,,
252,Restaurant Iliri,"Rr. Zihni Sako, Tiranë",https://www.google.com/maps/search/Restaurant%20Iliri%20Rr.%20Zihni%20Sako%2C%20Tiran%C3%AB,,
253,Restaurant Korca,Tiranë,https://www.google.com/maps/search/Restaurant%20Korca%20Tiran%C3%AB,,
254,Restaurant Pizzeri OGI,"Rr. Zihni Sako, krah EIDA-s, Tiranë",https://www.google.com/maps/search/Restaurant%20Pizzeri%20OGI%20Rr.%20Zihni%20Sako%2C%20krah%20EIDA-s%2C%20Tiran%C3%AB,,
255,Restaurant Tradita,Tiranë,https://www.google.com/maps/search/Restaurant%20Tradita%20Tiran%C3%AB,,
256,Restorant Alteo,Tiranë,https://www.google.com/maps/search/Restorant%20Alteo%20Tiran%C3%AB,,
257,Restorant Kashta,Tiranë,https://www.google.com/maps/search/Restorant%20Kashta%20Tiran%C3%AB,,
258,Roal Lounge,Tiranë,https://www.google.com/maps/search/Roal%20Lounge%20Tiran%C3%AB,,
259,Rose Boutique Hotel,Tiranë,https://www.google.com/maps/search/Rose%20Boutique%20Hotel%20Tiran%C3%AB,,
260,Sarajet e Pashait,"Brryli, Tower Bridge, Tiranë",https://www.google.com/maps/search/Sarajet%20e%20Pashait%20Brryli%2C%20Tower%20Bridge%2C%20Tiran%C3%AB,,
261,Shans Market,Tiranë,https://www.google.com/maps/search/Shans%20Market%20Tiran%C3%AB,,
262,Sina Pizzeri,Tiranë,https://www.google.com/maps/search/Sina%20Pizzeri%20Tiran%C3%AB,,
263,SOL Restaurant & Pool,Tiranë,https://www.google.com/maps/search/SOL%20Restaurant%20%26%20Pool%20Tiran%C3%AB,,
264,Son (Kalaja),"Kalaja, Tiranë",https://www.google.com/maps/search/Son%20%28Kalaja%29%20Kalaja%2C%20Tiran%C3%AB,,
265,Street Food (Urani Pano),"Urani Pano, Tiranë",https://www.google.com/maps/search/Street%20Food%20%28Urani%20Pano%29%20Urani%20Pano%2C%20Tiran%C3%AB,,
266,Supermarket LEA,Tiranë,https://www.google.com/maps/search/Supermarket%20LEA%20Tiran%C3%AB,,
267,Tabacchino (Sadik Petrela),"Rr. Sadik Petrela, Tiranë",https://www.google.com/maps/search/Tabacchino%20%28Sadik%20Petrela%29%20Rr.%20Sadik%20Petrela%2C%20Tiran%C3%AB,,
268,Tabakino te Bobi,Tiranë,https://www.google.com/maps/search/Tabakino%20te%20Bobi%20Tiran%C3%AB,,
269,Taste Traditional Food,"Mbas Concordit, rruga për Adexi, Tiranë",https://www.google.com/maps/search/Taste%20Traditional%20Food%20Mbas%20Concordit%2C%20rruga%20p%C3%ABr%20Adexi%2C%20Tiran%C3%AB,,
270,Te Pacja,Tiranë,https://www.google.com/maps/search/Te%20Pacja%20Tiran%C3%AB,,
271,Te Shpija e Birres,Tiranë,https://www.google.com/maps/search/Te%20Shpija%20e%20Birres%20Tiran%C3%AB,,
272,Te Zgara Korcare (Rr. Dibres),"Rr. Dibres, Tiranë",https://www.google.com/maps/search/Te%20Zgara%20Korcare%20%28Rr.%20Dibres%29%20Rr.%20Dibres%2C%20Tiran%C3%AB,,
273,Tempus 66,Tiranë,https://www.google.com/maps/search/Tempus%2066%20Tiran%C3%AB,,
274,Tiranditional,Tiranë,https://www.google.com/maps/search/Tiranditional%20Tiran%C3%AB,,
275,Tobacco & More (Qemal Stafa),"Rr. Qemal Stafa, Tiranë",https://www.google.com/maps/search/Tobacco%20%26%20More%20%28Qemal%20Stafa%29%20Rr.%20Qemal%20Stafa%2C%20Tiran%C3%AB,,
276,Tobacco 24h Bulevardi,"Bulevardi, Tiranë",https://www.google.com/maps/search/Tobacco%2024h%20Bulevardi%20Bulevardi%2C%20Tiran%C3%AB,,
277,Tobacco Klodi,Tiranë,https://www.google.com/maps/search/Tobacco%20Klodi%20Tiran%C3%AB,,
278,Tobacco te Mrizi Zanave,"Mrizi i Zanave, Tiranë",https://www.google.com/maps/search/Tobacco%20te%20Mrizi%20Zanave%20Mrizi%20i%20Zanave%2C%20Tiran%C3%AB,,
279,Tobbacco & More (Dibres),"Rr. Dibres, Tiranë",https://www.google.com/maps/search/Tobbacco%20%26%20More%20%28Dibres%29%20Rr.%20Dibres%2C%20Tiran%C3%AB,,
280,Tobbacco Shop (Sadik Petrela),"Rr. Sadik Petrela, Tiranë",https://www.google.com/maps/search/Tobbacco%20Shop%20%28Sadik%20Petrela%29%20Rr.%20Sadik%20Petrela%2C%20Tiran%C3%AB,,
281,Tweets Caffe Bar,Tiranë,https://www.google.com/maps/search/Tweets%20Caffe%20Bar%20Tiran%C3%AB,,
282,Venus Bar,Tiranë,https://www.google.com/maps/search/Venus%20Bar%20Tiran%C3%AB,,
283,Vila te 5 Maj,"Rruga 5 Maj, Tiranë",https://www.google.com/maps/search/Vila%20te%205%20Maj%20Rruga%205%20Maj%2C%20Tiran%C3%AB,,
284,Wake Up Bar,Tiranë,https://www.google.com/maps/search/Wake%20Up%20Bar%20Tiran%C3%AB,,
285,Wood Green (Bulevardi),"Bulevardi, Tiranë",https://www.google.com/maps/search/Wood%20Green%20%28Bulevardi%29%20Bulevardi%2C%20Tiran%C3%AB,,
286,Zgara (Arkitekt Sinani),"Rr. Arkitekt Sinani, Tiranë",https://www.google.com/maps/search/Zgara%20%28Arkitekt%20Sinani%29%20Rr.%20Arkitekt%20Sinani%2C%20Tiran%C3%AB,,
287,Zgara (ngjitur Zgaren Dari),Tiranë,https://www.google.com/maps/search/Zgara%20%28ngjitur%20Zgaren%20Dari%29%20Tiran%C3%AB,,
288,Zgara Chicken & Grill,Tiranë,https://www.google.com/maps/search/Zgara%20Chicken%20%26%20Grill%20Tiran%C3%AB,,
289,Zgara Dari,Tiranë,https://www.google.com/maps/search/Zgara%20Dari%20Tiran%C3%AB,,
290,Zgara Jone,Tiranë,https://www.google.com/maps/search/Zgara%20Jone%20Tiran%C3%AB,,
291,Zgara Korcare (Xhanfize Keko),"Rr. Xhanfize Keko, Tiranë",https://www.google.com/maps/search/Zgara%20Korcare%20%28Xhanfize%20Keko%29%20Rr.%20Xhanfize%20Keko%2C%20Tiran%C3%AB,,
292,Zgara Korcare te Tradita,Tiranë,https://www.google.com/maps/search/Zgara%20Korcare%20te%20Tradita%20Tiran%C3%AB,,
